{
  "wallet": {
    "sol": 0.013182,
    "initial_sol": 0.247
  },
  "stats": {
    "total_deploys": 74,
    "total_closes": 55,
    "total_fees_earned": 0.007070720905682486,
    "total_pnl": -0.015457519235629285,
    "created_at": "2026-06-11T05:18:00.000Z"
  }
}