{
  "wallet": {
    "sol": 0.013385,
    "initial_sol": 0.247
  },
  "stats": {
    "total_deploys": 63,
    "total_closes": 51,
    "total_fees_earned": 0.006409432660158046,
    "total_pnl": -0.014031874626617749,
    "created_at": "2026-06-11T05:18:00.000Z"
  }
}